<linker>
  <assembly fullname="Assembly-CSharp, Version=0.0.0.0, Culture=neutral, PublicKeyToken=null">
    <type fullname="Ability" preserve="all" />
    <type fullname="AbilityStone" preserve="all" />
    <type fullname="Attack" preserve="all" />
    <type fullname="AttackFinishi" preserve="all" />
    <type fullname="AudioDefination" preserve="all" />
    <type fullname="AudioManager" preserve="all" />
    <type fullname="BackGroundControl" preserve="all" />
    <type fullname="Boar" preserve="all" />
    <type fullname="Bookshelf" preserve="all" />
    <type fullname="BoolEvenSO" preserve="all" />
    <type fullname="ButtonEffect" preserve="all" />
    <type fullname="ButtonSettings" preserve="all" />
    <type fullname="CameraControl" preserve="all" />
    <type fullname="Character" preserve="all" />
    <type fullname="CharacterEventSO" preserve="all" />
    <type fullname="Chest" preserve="all" />
    <type fullname="DataDefinition" preserve="all" />
    <type fullname="DataManager" preserve="all" />
    <type fullname="FadeCanvas" preserve="all" />
    <type fullname="FadeEventSO" preserve="all" />
    <type fullname="FloatEvenSO" preserve="all" />
    <type fullname="GameOver" preserve="all" />
    <type fullname="GameSceneSO" preserve="all" />
    <type fullname="GeneralSettings" preserve="all" />
    <type fullname="HideSpace" preserve="all" />
    <type fullname="HPBottle" preserve="all" />
    <type fullname="HPControl" preserve="all" />
    <type fullname="HurtAnimation" preserve="all" />
    <type fullname="Key" preserve="all" />
    <type fullname="Menu" preserve="all" />
    <type fullname="NPC" preserve="all" />
    <type fullname="PhysicsCheck" preserve="all" />
    <type fullname="PlayAudioEventSO" preserve="all" />
    <type fullname="PlayerAnimationController" preserve="all" />
    <type fullname="PlayerController" preserve="all" />
    <type fullname="PlayerStateBar" preserve="all" />
    <type fullname="SavePoint" preserve="all" />
    <type fullname="SceneLoader" preserve="all" />
    <type fullname="SceneLoadEventSO" preserve="all" />
    <type fullname="ScreenManager" preserve="all" />
    <type fullname="ScreenSettings" preserve="all" />
    <type fullname="SettingsEffect_Bool" preserve="all" />
    <type fullname="SettingsEffect_BtnSettings" preserve="all" />
    <type fullname="SettingsEffect_Enum" preserve="all" />
    <type fullname="SettingsEffect_Enum_BtnArea" preserve="all" />
    <type fullname="SettingsEffect_Float" preserve="all" />
    <type fullname="SettingsTips" preserve="all" />
    <type fullname="ShowDamage" preserve="all" />
    <type fullname="Sign" preserve="all" />
    <type fullname="Snail" preserve="all" />
    <type fullname="SnailHide" preserve="all" />
    <type fullname="SnailShowFinish" preserve="all" />
    <type fullname="TeleportPoint" preserve="all" />
    <type fullname="TeleportPoint_House" preserve="all" />
    <type fullname="Test" preserve="all" />
    <type fullname="Tips" preserve="all" />
    <type fullname="UIManager" preserve="all" />
    <type fullname="VoidEvenSO" preserve="all" />
    <type fullname="VolumeSettings" preserve="all" />
    <type fullname=".Data" preserve="nothing" serialized="true" />
    <type fullname=".HouseData" preserve="nothing" serialized="true" />
  </assembly>
  <assembly fullname="Cinemachine, Version=0.0.0.0, Culture=neutral, PublicKeyToken=null">
    <type fullname="Cinemachine.CinemachineBrain" preserve="all" />
    <type fullname="Cinemachine.CinemachineConfiner2D" preserve="all" />
    <type fullname="Cinemachine.CinemachineFramingTransposer" preserve="all" />
    <type fullname="Cinemachine.CinemachineImpulseListener" preserve="all" />
    <type fullname="Cinemachine.CinemachineImpulseSource" preserve="all" />
    <type fullname="Cinemachine.CinemachinePipeline" preserve="all" />
    <type fullname="Cinemachine.CinemachinePixelPerfect" preserve="all" />
    <type fullname="Cinemachine.CinemachineVirtualCamera" preserve="all" />
    <type fullname="Cinemachine.CinemachineBlendDefinition" preserve="nothing" serialized="true" />
    <type fullname="Cinemachine.CinemachineBrain/BrainEvent" preserve="nothing" serialized="true" />
    <type fullname="Cinemachine.CinemachineBrain/VcamActivatedEvent" preserve="nothing" serialized="true" />
    <type fullname="Cinemachine.CinemachineImpulseDefinition" preserve="nothing" serialized="true" />
    <type fullname="Cinemachine.CinemachineImpulseListener/ImpulseReaction" preserve="nothing" serialized="true" />
    <type fullname="Cinemachine.CinemachineImpulseManager/EnvelopeDefinition" preserve="nothing" serialized="true" />
    <type fullname="Cinemachine.CinemachineVirtualCameraBase/TransitionParams" preserve="nothing" serialized="true" />
    <type fullname="Cinemachine.LensSettings" preserve="nothing" serialized="true" />
  </assembly>
  <assembly fullname="Unity.2D.Tilemap.Extras, Version=0.0.0.0, Culture=neutral, PublicKeyToken=null">
    <type fullname="UnityEngine.RuleTile" preserve="all" />
    <type fullname="UnityEngine.RuleTile/TilingRule" preserve="nothing" serialized="true" />
  </assembly>
  <assembly fullname="Unity.Addressables, Version=0.0.0.0, Culture=neutral, PublicKeyToken=null" preserve="all">
    <type fullname="UnityEngine.AddressableAssets.Addressables" preserve="all" />
    <type fullname="UnityEngine.AddressableAssets.AssetReference" preserve="nothing" serialized="true" />
  </assembly>
  <assembly fullname="Unity.InputSystem, Version=1.7.0.0, Culture=neutral, PublicKeyToken=null">
    <type fullname="UnityEngine.InputSystem.InputActionAsset" preserve="all" />
    <type fullname="UnityEngine.InputSystem.InputActionReference" preserve="all" />
    <type fullname="UnityEngine.InputSystem.OnScreen.OnScreenButton" preserve="all" />
    <type fullname="UnityEngine.InputSystem.OnScreen.OnScreenStick" preserve="all" />
    <type fullname="UnityEngine.InputSystem.UI.InputSystemUIInputModule" preserve="all" />
    <type fullname="UnityEngine.InputSystem.InputAction" preserve="nothing" serialized="true" />
    <type fullname="UnityEngine.InputSystem.InputActionMap" preserve="nothing" serialized="true" />
    <type fullname="UnityEngine.InputSystem.InputBinding" preserve="nothing" serialized="true" />
    <type fullname="UnityEngine.InputSystem.InputControlScheme" preserve="nothing" serialized="true" />
    <type fullname="UnityEngine.InputSystem.InputControlScheme/DeviceRequirement" preserve="nothing" serialized="true" />
  </assembly>
  <assembly fullname="Unity.RenderPipelines.Core.Runtime, Version=0.0.0.0, Culture=neutral, PublicKeyToken=null">
    <type fullname="UnityEngine.Rendering.Volume" preserve="all" />
    <type fullname="UnityEngine.Rendering.VolumeProfile" preserve="all" />
    <type fullname="UnityEngine.Rendering.ClampedFloatParameter" preserve="nothing" serialized="true" />
    <type fullname="UnityEngine.Rendering.ColorParameter" preserve="nothing" serialized="true" />
    <type fullname="UnityEngine.Rendering.FloatParameter" preserve="nothing" serialized="true" />
  </assembly>
  <assembly fullname="Unity.RenderPipelines.Universal.2D.Runtime, Version=0.0.0.0, Culture=neutral, PublicKeyToken=null">
    <type fullname="UnityEngine.Rendering.Universal.Light2D" preserve="all" />
  </assembly>
  <assembly fullname="Unity.RenderPipelines.Universal.Runtime, Version=0.0.0.0, Culture=neutral, PublicKeyToken=null">
    <type fullname="UnityEngine.Rendering.Universal.ColorAdjustments" preserve="all" />
    <type fullname="UnityEngine.Rendering.Universal.UniversalAdditionalCameraData" preserve="all" />
    <type fullname="UnityEngine.Rendering.Universal.TemporalAA/Settings" preserve="nothing" serialized="true" />
  </assembly>
  <assembly fullname="Unity.ResourceManager, Version=0.0.0.0, Culture=neutral, PublicKeyToken=null" preserve="all">
    <type fullname="UnityEngine.ResourceManagement.ResourceProviders.AssetBundleProvider" preserve="all" />
    <type fullname="UnityEngine.ResourceManagement.ResourceProviders.BundledAssetProvider" preserve="all" />
    <type fullname="UnityEngine.ResourceManagement.ResourceProviders.InstanceProvider" preserve="all" />
    <type fullname="UnityEngine.ResourceManagement.ResourceProviders.LegacyResourcesProvider" preserve="all" />
    <type fullname="UnityEngine.ResourceManagement.ResourceProviders.SceneProvider" preserve="all" />
  </assembly>
  <assembly fullname="Unity.TextMeshPro, Version=0.0.0.0, Culture=neutral, PublicKeyToken=null">
    <type fullname="TMPro.TextMeshPro" preserve="all" />
    <type fullname="TMPro.TextMeshProUGUI" preserve="all" />
    <type fullname="TMPro.TMP_FontAsset" preserve="all" />
    <type fullname="TMPro.FaceInfo_Legacy" preserve="nothing" serialized="true" />
    <type fullname="TMPro.FontAssetCreationSettings" preserve="nothing" serialized="true" />
    <type fullname="TMPro.KerningTable" preserve="nothing" serialized="true" />
    <type fullname="TMPro.LigatureSubstitutionRecord" preserve="nothing" serialized="true" />
    <type fullname="TMPro.TMP_Character" preserve="nothing" serialized="true" />
    <type fullname="TMPro.TMP_FontFeatureTable" preserve="nothing" serialized="true" />
    <type fullname="TMPro.TMP_FontWeightPair" preserve="nothing" serialized="true" />
    <type fullname="TMPro.VertexGradient" preserve="nothing" serialized="true" />
  </assembly>
  <assembly fullname="UnityEditor.CoreModule, Version=0.0.0.0, Culture=neutral, PublicKeyToken=null">
    <type fullname="UnityEditor.Audio.AudioMixerSnapshotController" preserve="all" />
  </assembly>
  <assembly fullname="UnityEngine.AnimationModule, Version=0.0.0.0, Culture=neutral, PublicKeyToken=null">
    <type fullname="UnityEngine.AnimationClip" preserve="all" />
    <type fullname="UnityEngine.Animator" preserve="all" />
    <type fullname="UnityEngine.RuntimeAnimatorController" preserve="all" />
  </assembly>
  <assembly fullname="UnityEngine.AudioModule, Version=0.0.0.0, Culture=neutral, PublicKeyToken=null">
    <type fullname="UnityEngine.Audio.AudioMixer" preserve="all" />
    <type fullname="UnityEngine.Audio.AudioMixerGroup" preserve="all" />
    <type fullname="UnityEngine.AudioClip" preserve="all" />
    <type fullname="UnityEngine.AudioListener" preserve="all" />
    <type fullname="UnityEngine.AudioSource" preserve="all" />
  </assembly>
  <assembly fullname="UnityEngine.CoreModule, Version=0.0.0.0, Culture=neutral, PublicKeyToken=null">
    <type fullname="UnityEngine.Camera" preserve="all" />
    <type fullname="UnityEngine.Cubemap" preserve="all" />
    <type fullname="UnityEngine.GameObject" preserve="all" />
    <type fullname="UnityEngine.LightmapSettings" preserve="all" />
    <type fullname="UnityEngine.Material" preserve="all" />
    <type fullname="UnityEngine.MeshRenderer" preserve="all" />
    <type fullname="UnityEngine.Object" preserve="all" />
    <type fullname="UnityEngine.RectTransform" preserve="all" />
    <type fullname="UnityEngine.RenderSettings" preserve="all" />
    <type fullname="UnityEngine.Shader" preserve="all" />
    <type fullname="UnityEngine.Sprite" preserve="all" />
    <type fullname="UnityEngine.SpriteRenderer" preserve="all" />
    <type fullname="UnityEngine.Texture2D" preserve="all" />
    <type fullname="UnityEngine.TrailRenderer" preserve="all" />
    <type fullname="UnityEngine.Transform" preserve="all" />
    <type fullname="UnityEngine.U2D.SpriteAtlas" preserve="all" />
    <type fullname="UnityEngine.Events.ArgumentCache" preserve="nothing" serialized="true" />
    <type fullname="UnityEngine.Events.PersistentCallGroup" preserve="nothing" serialized="true" />
    <type fullname="UnityEngine.Events.PersistentListenerMode" preserve="nothing" serialized="true" />
    <type fullname="UnityEngine.Events.UnityEvent" preserve="nothing" serialized="true" />
    <type fullname="UnityEngine.Events.UnityEvent`1" preserve="nothing" serialized="true" />
    <type fullname="UnityEngine.Events.UnityEvent`2" preserve="nothing" serialized="true" />
    <type fullname="UnityEngine.RectOffset" preserve="nothing" serialized="true" />
    <type fullname="UnityEngine.Vector3" preserve="nothing" serialized="true" />
  </assembly>
  <assembly fullname="UnityEngine.GridModule, Version=0.0.0.0, Culture=neutral, PublicKeyToken=null">
    <type fullname="UnityEngine.Grid" preserve="all" />
  </assembly>
  <assembly fullname="UnityEngine.Physics2DModule, Version=0.0.0.0, Culture=neutral, PublicKeyToken=null">
    <type fullname="UnityEngine.BoxCollider2D" preserve="all" />
    <type fullname="UnityEngine.CapsuleCollider2D" preserve="all" />
    <type fullname="UnityEngine.CircleCollider2D" preserve="all" />
    <type fullname="UnityEngine.CompositeCollider2D" preserve="all" />
    <type fullname="UnityEngine.PhysicsMaterial2D" preserve="all" />
    <type fullname="UnityEngine.PlatformEffector2D" preserve="all" />
    <type fullname="UnityEngine.PolygonCollider2D" preserve="all" />
    <type fullname="UnityEngine.Rigidbody2D" preserve="all" />
  </assembly>
  <assembly fullname="UnityEngine.TextRenderingModule, Version=0.0.0.0, Culture=neutral, PublicKeyToken=null">
    <type fullname="UnityEngine.Font" preserve="all" />
  </assembly>
  <assembly fullname="UnityEngine.TilemapModule, Version=0.0.0.0, Culture=neutral, PublicKeyToken=null">
    <type fullname="UnityEngine.Tilemaps.Tile" preserve="all" />
    <type fullname="UnityEngine.Tilemaps.Tilemap" preserve="all" />
    <type fullname="UnityEngine.Tilemaps.TilemapCollider2D" preserve="all" />
    <type fullname="UnityEngine.Tilemaps.TilemapRenderer" preserve="all" />
  </assembly>
  <assembly fullname="UnityEngine.UI, Version=1.0.0.0, Culture=neutral, PublicKeyToken=null">
    <type fullname="UnityEngine.EventSystems.EventSystem" preserve="all" />
    <type fullname="UnityEngine.UI.Button" preserve="all" />
    <type fullname="UnityEngine.UI.CanvasScaler" preserve="all" />
    <type fullname="UnityEngine.UI.ContentSizeFitter" preserve="all" />
    <type fullname="UnityEngine.UI.GraphicRaycaster" preserve="all" />
    <type fullname="UnityEngine.UI.HorizontalLayoutGroup" preserve="all" />
    <type fullname="UnityEngine.UI.Image" preserve="all" />
    <type fullname="UnityEngine.UI.Mask" preserve="all" />
    <type fullname="UnityEngine.UI.Slider" preserve="all" />
    <type fullname="UnityEngine.UI.VerticalLayoutGroup" preserve="all" />
    <type fullname="UnityEngine.UI.AnimationTriggers" preserve="nothing" serialized="true" />
    <type fullname="UnityEngine.UI.Button/ButtonClickedEvent" preserve="nothing" serialized="true" />
    <type fullname="UnityEngine.UI.ColorBlock" preserve="nothing" serialized="true" />
    <type fullname="UnityEngine.UI.MaskableGraphic/CullStateChangedEvent" preserve="nothing" serialized="true" />
    <type fullname="UnityEngine.UI.Navigation" preserve="nothing" serialized="true" />
    <type fullname="UnityEngine.UI.Slider/SliderEvent" preserve="nothing" serialized="true" />
    <type fullname="UnityEngine.UI.SpriteState" preserve="nothing" serialized="true" />
  </assembly>
  <assembly fullname="UnityEngine.UIModule, Version=0.0.0.0, Culture=neutral, PublicKeyToken=null">
    <type fullname="UnityEngine.Canvas" preserve="all" />
    <type fullname="UnityEngine.CanvasRenderer" preserve="all" />
  </assembly>
  <assembly fullname="UnityEngine.TextCoreFontEngineModule">
    <type fullname="UnityEngine.TextCore.FaceInfo" preserve="nothing" serialized="true" />
    <type fullname="UnityEngine.TextCore.Glyph" preserve="nothing" serialized="true" />
    <type fullname="UnityEngine.TextCore.GlyphMetrics" preserve="nothing" serialized="true" />
    <type fullname="UnityEngine.TextCore.GlyphRect" preserve="nothing" serialized="true" />
    <type fullname="UnityEngine.TextCore.LowLevel.GlyphAdjustmentRecord" preserve="nothing" serialized="true" />
    <type fullname="UnityEngine.TextCore.LowLevel.GlyphPairAdjustmentRecord" preserve="nothing" serialized="true" />
    <type fullname="UnityEngine.TextCore.LowLevel.GlyphValueRecord" preserve="nothing" serialized="true" />
  </assembly>
</linker>